{
    "selected_obstacle": "box",
    "planner_setup": "Robot+ Gripper+ Object",
    "planner_type": "bitstar",
    "objective": "None",
    "constraint": "None",
    "planning_time": 5,
    "joint_path_values": [],
    "start": null,
    "goal": null,
    "obstacles_state": {
        "EMO_SR_full": {
            "pos": [
                -0.4456848204135895,
                0.3384927809238434,
                0.4736187756061554
            ],
            "orn_e": [
                0.04654859004534945,
                -0.0034848894525973183,
                0.007653315007261291
            ]
        },
        "box": {
            "pos": [
                -0.3,
                -0.34,
                0.26
            ],
            "orn_e": [
                1.4,
                -0.0,
                0.0
            ]
        },
        "": {
            "pos": [
                -0.3,
                -0.3,
                0.3
            ],
            "orn_e": [
                -1.57,
                0.0,
                0.0
            ]
        },
        "plate": {
            "pos": [
                -1.0,
                -0.685,
                0.0
            ],
            "orn_e": [
                0.0,
                -0.0,
                0.0
            ]
        },
        "Dreibackenfutter": {
            "pos": [
                0.0,
                0.0,
                0.27
            ],
            "orn_e": [
                -2.16851276970595e-19,
                0.01,
                -2.923185307179587
            ]
        }
    },
    "robot_information": [
        [
            0,
            {
                "q1": 0.12,
                "q2": 0.88,
                "q3": -1.37,
                "q4": 0.06,
                "q5": 0.89,
                "q6": 0.09
            }
        ],
        [
            3,
            {
                "q1": -0.5,
                "q2": 0.0,
                "q3": -1.5707963267948966,
                "q4": 0.0,
                "q5": 1.5707963267948966,
                "q6": 0.0
            }
        ]
    ]
}