{
    "selected_obstacle": "Dreibackenfutter",
    "planner_setup": "Robot+ Gripper+ Object",
    "planner_type": "bitstar",
    "objective": "None",
    "constraint": "None",
    "planning_time": 5,
    "joint_path_values": [],
    "start": null,
    "goal": null,
    "obstacles_state": {
        "EMO_SR_full": {
            "pos": [
                -0.0010025650262832642,
                0.007886113598942757,
                0.4715592861175537
            ],
            "orn_e": [
                0.050300539106916245,
                0.013044871305035767,
                0.012255640036312696
            ]
        },
        "box": {
            "pos": [
                -1.0,
                -0.44,
                0.26
            ],
            "orn_e": [
                1.57,
                -0.0,
                0.0
            ]
        },
        "": {
            "pos": [
                -0.3,
                -0.3,
                0.3
            ],
            "orn_e": [
                -1.57,
                0.0,
                0.0
            ]
        },
        "plate": {
            "pos": [
                -1.0,
                -0.685,
                0.0
            ],
            "orn_e": [
                0.0,
                -0.0,
                0.0
            ]
        },
        "Dreibackenfutter": {
            "pos": [
                0.0,
                0.0,
                0.27
            ],
            "orn_e": [
                -6.505538309117851e-19,
                0.01,
                -2.923185307179587
            ]
        }
    },
    "robot_information": [
        [
            0,
            {
                "q1": -0.01,
                "q2": 0.51,
                "q3": -1.94,
                "q4": 0.08,
                "q5": 0.68,
                "q6": -0.06
            }
        ],
        [
            3,
            {
                "q1": -0.5,
                "q2": 0.0,
                "q3": -1.5707963267948966,
                "q4": 0.0,
                "q5": 1.5707963267948966,
                "q6": 0.0
            }
        ]
    ]
}