{
    "selected_obstacle": "plate",
    "planner_setup": "Solely Robot",
    "planner_type": "bitstar",
    "objective": "None",
    "constraint": "None",
    "planning_time": 5,
    "joint_path_values": [],
    "start": {
        "q1": 0.6,
        "q2": 0.0,
        "q3": -1.57,
        "q4": 0.0,
        "q5": 1.57,
        "q6": 0.0
    },
    "goal": null,
    "obstacles_state": {
        "EMO_SR_full": {
            "pos": [
                -2.711557626724243,
                2.079427480697632,
                0.09329390525817871
            ],
            "orn_e": [
                -0.008109305457500356,
                0.009553004219680859,
                -1.6204272232863624
            ]
        },
        "box": {
            "pos": [
                1.8,
                1.1,
                0.46
            ],
            "orn_e": [
                0.0,
                -0.0,
                0.0
            ]
        },
        "": {
            "pos": [
                0.4,
                0.8,
                0.3
            ],
            "orn_e": [
                -1.57,
                0.0,
                0.0
            ]
        },
        "plate": {
            "pos": [
                -0.5,
                -0.89,
                1.7
            ],
            "orn_e": [
                0.0,
                -0.0,
                0.0
            ]
        }
    },
    "robot_information": [
        [
            0,
            {
                "q1": 0.43,
                "q2": 1.16,
                "q3": -1.16,
                "q4": -0.03,
                "q5": 0.99,
                "q6": -0.32
            }
        ],
        [
            3,
            {
                "q1": 0.6,
                "q2": -0.02,
                "q3": -1.79,
                "q4": -0.0,
                "q5": 1.38,
                "q6": -0.0
            }
        ]
    ]
}