{
    "selected_obstacle": "EMO_SR_full",
    "planner_setup": "Solely Robot",
    "planner_type": "bitstar",
    "objective": "None",
    "constraint": "None",
    "planning_time": 5,
    "joint_path_values": [],
    "start": null,
    "goal": null,
    "obstacles_state": {
        "EMO_SR_full": {
            "pos": [
                -0.31815260648727417,
                1.0890721082687378,
                0.12523016333580017
            ],
            "orn_e": [
                0.01098762798298497,
                -0.03680286274336012,
                -2.891794878263518
            ]
        },
        "box": {
            "pos": [
                0.4,
                0.3,
                0.261
            ],
            "orn_e": [
                0.0,
                -0.0,
                0.0
            ]
        },
        "": {
            "pos": [
                0.4,
                0.0,
                0.3
            ],
            "orn_e": [
                -1.5707963267948963,
                0.0,
                0.0
            ]
        },
        "plate": {
            "pos": [
                -1.0,
                -0.685,
                0.0
            ],
            "orn_e": [
                0.0,
                -0.0,
                0.0
            ]
        }
    },
    "robot_information": [
        [
            0,
            {
                "q1": 0.09,
                "q2": -0.64,
                "q3": -2.23,
                "q4": -0.01,
                "q5": 1.64,
                "q6": -0.24
            }
        ],
        [
            3,
            {
                "q1": -0.5,
                "q2": 0.0,
                "q3": -1.5707963267948966,
                "q4": 0.0,
                "q5": 1.5707963267948966,
                "q6": 0.0
            }
        ]
    ]
}