{
    "selected_obstacle": "box",
    "planner_setup": "Robot+ Gripper+ Object",
    "planner_type": "bitstar",
    "objective": "None",
    "constraint": "None",
    "planning_time": 5,
    "joint_path_values": [],
    "start": null,
    "goal": null,
    "obstacles_state": {
        "EMO_SR_full": {
            "pos": [
                -0.025391744449734688,
                -0.34044742584228516,
                1.4523849487304688
            ],
            "orn_e": [
                -0.0034260035898050056,
                0.011074863733601649,
                2.681573670700403
            ]
        },
        "box": {
            "pos": [
                -0.02,
                -0.27,
                0.27
            ],
            "orn_e": [
                1.5199999999999998,
                -0.0,
                0.0
            ]
        },
        "": {
            "pos": [
                0.2,
                0.0,
                0.3
            ],
            "orn_e": [
                -1.57,
                0.0,
                0.0
            ]
        },
        "plate": {
            "pos": [
                -1.0,
                -0.685,
                0.0
            ],
            "orn_e": [
                0.0,
                -0.0,
                0.0
            ]
        }
    },
    "robot_information": [
        [
            0,
            {
                "q1": 0.16,
                "q2": 0.14,
                "q3": -1.69,
                "q4": 0.0,
                "q5": 1.3,
                "q6": -0.3
            }
        ],
        [
            3,
            {
                "q1": -0.5,
                "q2": 0.0,
                "q3": -1.5707963267948966,
                "q4": 0.0,
                "q5": 1.5707963267948966,
                "q6": 0.0
            }
        ]
    ]
}